Timestamp,Epoch,Step,Loss,Accuracy
2026-05-22 23:29:36,1,1,1.908,0.188
2026-05-22 23:29:37,1,2,1.720,0.219
2026-05-22 23:29:37,1,3,1.515,0.469
2026-05-22 23:29:37,1,4,1.372,0.469
2026-05-22 23:29:37,1,5,1.644,0.312
2026-05-22 23:29:37,1,6,1.265,0.562
2026-05-22 23:29:37,1,7,1.474,0.531
2026-05-22 23:29:38,1,8,1.110,0.625
2026-05-22 23:29:38,1,9,1.146,0.562
2026-05-22 23:29:38,1,10,0.973,0.656
2026-05-22 23:29:38,1,11,1.034,0.625
2026-05-22 23:29:38,1,12,1.067,0.594
2026-05-22 23:29:39,1,13,1.177,0.562
2026-05-22 23:29:39,1,14,0.598,0.844
2026-05-22 23:29:39,1,15,0.857,0.781
2026-05-22 23:29:39,1,16,0.740,0.812
2026-05-22 23:29:39,1,17,0.754,0.750
2026-05-22 23:29:39,1,18,0.712,0.781
2026-05-22 23:29:40,1,19,0.634,0.656
2026-05-22 23:29:40,1,20,0.460,0.844
2026-05-22 23:29:40,1,21,0.389,0.844
2026-05-22 23:29:40,1,22,0.487,0.875
2026-05-22 23:29:40,1,23,0.464,0.875
2026-05-22 23:29:41,1,24,0.449,0.844
2026-05-22 23:29:41,1,25,0.560,0.781
2026-05-22 23:29:41,1,26,0.289,0.906
2026-05-22 23:29:41,1,27,0.507,0.812
2026-05-22 23:29:41,1,28,0.622,0.750
2026-05-22 23:29:41,1,29,0.518,0.781
2026-05-22 23:29:42,1,30,0.615,0.844
2026-05-22 23:29:42,1,31,0.632,0.719
2026-05-22 23:29:42,1,32,0.198,0.906
2026-05-22 23:29:42,1,33,0.729,0.812
2026-05-22 23:29:42,1,34,0.734,0.750
2026-05-22 23:29:43,1,35,0.549,0.812
2026-05-22 23:29:43,1,36,0.263,0.875
2026-05-22 23:29:43,1,37,0.241,0.906
2026-05-22 23:29:43,1,38,0.662,0.750
2026-05-22 23:29:43,1,39,0.381,0.875
2026-05-22 23:29:44,1,40,0.350,0.938
2026-05-22 23:29:44,1,41,0.488,0.781
2026-05-22 23:29:44,1,42,0.451,0.812
2026-05-22 23:29:44,1,43,0.241,0.906
2026-05-22 23:29:44,1,44,0.555,0.844
2026-05-22 23:29:44,1,45,0.541,0.812
2026-05-22 23:29:45,1,46,0.305,0.938
2026-05-22 23:29:45,1,47,0.242,0.938
2026-05-22 23:29:45,1,48,0.379,0.906
2026-05-22 23:29:45,1,49,0.182,0.938
2026-05-22 23:29:45,1,50,0.536,0.875
2026-05-22 23:29:46,1,51,0.427,0.906
2026-05-22 23:29:46,1,52,0.398,0.844
2026-05-22 23:29:46,1,53,0.244,0.906
2026-05-22 23:29:46,1,54,0.116,0.969
2026-05-22 23:29:46,1,55,0.430,0.844
2026-05-22 23:29:46,1,56,0.213,0.938
2026-05-22 23:29:47,1,57,0.407,0.844
2026-05-22 23:29:47,1,58,0.452,0.844
2026-05-22 23:29:47,1,59,0.214,0.969
2026-05-22 23:29:47,1,60,0.618,0.812
2026-05-22 23:29:47,1,61,0.425,0.875
2026-05-22 23:29:48,1,62,0.364,0.875
2026-05-22 23:29:48,1,63,0.283,0.938
2026-05-22 23:29:48,1,64,0.128,1.000
2026-05-22 23:30:05,2,65,0.138,1.000
2026-05-22 23:30:05,2,66,0.101,1.000
2026-05-22 23:30:05,2,67,0.135,0.938
2026-05-22 23:30:06,2,68,0.143,0.938
2026-05-22 23:30:06,2,69,0.280,0.938
2026-05-22 23:30:06,2,70,0.314,0.875
2026-05-22 23:30:06,2,71,0.076,0.969
2026-05-22 23:30:06,2,72,0.212,0.906
2026-05-22 23:30:06,2,73,0.135,0.938
2026-05-22 23:30:07,2,74,0.202,0.906
2026-05-22 23:30:07,2,75,0.103,1.000
2026-05-22 23:30:07,2,76,0.145,0.969
2026-05-22 23:30:07,2,77,0.169,0.938
2026-05-22 23:30:07,2,78,0.182,0.969
2026-05-22 23:30:08,2,79,0.226,0.906
2026-05-22 23:30:08,2,80,0.192,0.969
2026-05-22 23:30:08,2,81,0.353,0.906
2026-05-22 23:30:08,2,82,0.172,0.938
2026-05-22 23:30:08,2,83,0.239,0.969
2026-05-22 23:30:09,2,84,0.374,0.875
2026-05-22 23:30:09,2,85,0.280,0.844
2026-05-22 23:30:09,2,86,0.350,0.875
2026-05-22 23:30:09,2,87,0.208,0.938
2026-05-22 23:30:09,2,88,0.074,0.938
2026-05-22 23:30:09,2,89,0.080,1.000
2026-05-22 23:30:10,2,90,0.268,0.969
2026-05-22 23:30:10,2,91,0.220,0.906
2026-05-22 23:30:10,2,92,0.347,0.844
2026-05-22 23:30:10,2,93,0.119,1.000
2026-05-22 23:30:10,2,94,0.099,1.000
2026-05-22 23:30:11,2,95,0.424,0.844
2026-05-22 23:30:11,2,96,0.359,0.875
2026-05-22 23:30:11,2,97,0.181,0.906
2026-05-22 23:30:11,2,98,0.146,0.938
2026-05-22 23:30:11,2,99,0.235,0.875
2026-05-22 23:30:12,2,100,0.159,0.906
2026-05-22 23:30:12,2,101,0.164,0.938
2026-05-22 23:30:12,2,102,0.185,0.969
2026-05-22 23:30:12,2,103,0.252,0.906
2026-05-22 23:30:12,2,104,0.059,1.000
2026-05-22 23:30:13,2,105,0.220,0.969
2026-05-22 23:30:13,2,106,0.117,0.969
2026-05-22 23:30:13,2,107,0.124,0.969
2026-05-22 23:30:13,2,108,0.300,0.938
2026-05-22 23:30:13,2,109,0.081,1.000
2026-05-22 23:30:14,2,110,0.070,0.969
2026-05-22 23:30:14,2,111,0.339,0.906
2026-05-22 23:30:14,2,112,0.158,0.938
2026-05-22 23:30:14,2,113,0.945,0.781
2026-05-22 23:30:14,2,114,0.094,0.969
2026-05-22 23:30:14,2,115,0.092,0.969
2026-05-22 23:30:15,2,116,0.104,1.000
2026-05-22 23:30:15,2,117,0.154,0.969
2026-05-22 23:30:15,2,118,0.337,0.875
2026-05-22 23:30:15,2,119,0.455,0.812
2026-05-22 23:30:15,2,120,0.169,0.938
2026-05-22 23:30:16,2,121,0.133,1.000
2026-05-22 23:30:16,2,122,0.258,0.906
2026-05-22 23:30:16,2,123,0.234,0.906
2026-05-22 23:30:16,2,124,0.098,1.000
2026-05-22 23:30:16,2,125,0.208,0.906
2026-05-22 23:30:17,2,126,0.278,0.906
2026-05-22 23:30:17,2,127,0.118,1.000
2026-05-22 23:30:17,2,128,1.739,0.667
2026-05-22 23:54:02,1,1,1.751,0.312
2026-05-22 23:54:03,1,2,1.563,0.312
2026-05-22 23:54:03,1,3,1.658,0.344
2026-05-22 23:54:03,1,4,1.527,0.375
2026-05-22 23:54:03,1,5,1.257,0.594
2026-05-22 23:54:03,1,6,1.237,0.531
2026-05-22 23:54:03,1,7,1.293,0.625
2026-05-22 23:54:04,1,8,1.206,0.531
2026-05-22 23:54:04,1,9,1.130,0.562
2026-05-22 23:54:04,1,10,1.223,0.625
2026-05-22 23:54:04,1,11,0.773,0.781
2026-05-22 23:54:04,1,12,0.916,0.719
2026-05-22 23:54:05,1,13,0.915,0.688
2026-05-22 23:54:05,1,14,0.930,0.781
2026-05-22 23:54:05,1,15,0.691,0.719
2026-05-22 23:54:05,1,16,0.801,0.688
2026-05-22 23:54:05,1,17,0.697,0.719
2026-05-22 23:54:05,1,18,1.017,0.625
2026-05-22 23:54:06,1,19,0.513,0.844
2026-05-22 23:54:06,1,20,0.824,0.688
2026-05-22 23:54:06,1,21,0.527,0.812
2026-05-22 23:54:06,1,22,0.904,0.719
2026-05-22 23:54:06,1,23,0.827,0.688
2026-05-22 23:54:06,1,24,0.834,0.750
2026-05-22 23:54:07,1,25,0.692,0.781
2026-05-22 23:54:07,1,26,0.383,0.938
2026-05-22 23:54:07,1,27,0.562,0.781
2026-05-22 23:54:07,1,28,0.490,0.844
2026-05-22 23:54:07,1,29,0.854,0.688
2026-05-22 23:54:08,1,30,0.597,0.812
2026-05-22 23:54:08,1,31,0.663,0.781
2026-05-22 23:54:08,1,32,0.505,0.812
2026-05-22 23:54:08,1,33,0.302,0.906
2026-05-22 23:54:08,1,34,0.474,0.906
2026-05-22 23:54:08,1,35,0.348,0.906
2026-05-22 23:54:09,1,36,0.235,0.938
2026-05-22 23:54:09,1,37,0.232,0.938
2026-05-22 23:54:09,1,38,0.254,0.906
2026-05-22 23:54:09,1,39,0.380,0.781
2026-05-22 23:54:09,1,40,0.712,0.812
2026-05-22 23:54:10,1,41,0.559,0.781
2026-05-22 23:54:10,1,42,0.363,0.781
2026-05-22 23:54:10,1,43,0.227,0.906
2026-05-22 23:54:10,1,44,0.280,0.906
2026-05-22 23:54:10,1,45,0.363,0.844
2026-05-22 23:54:10,1,46,0.350,0.906
2026-05-22 23:54:11,1,47,0.924,0.750
2026-05-22 23:54:11,1,48,0.275,0.906
2026-05-22 23:54:11,1,49,0.253,0.906
2026-05-22 23:54:11,1,50,0.476,0.906
2026-05-22 23:54:11,1,51,0.415,0.844
2026-05-22 23:54:11,1,52,0.501,0.844
2026-05-22 23:54:12,1,53,0.445,0.781
2026-05-22 23:54:12,1,54,0.378,0.906
2026-05-22 23:54:12,1,55,0.209,0.906
2026-05-22 23:54:12,1,56,0.166,0.969
2026-05-22 23:54:12,1,57,0.167,1.000
2026-05-22 23:54:13,1,58,0.176,0.969
2026-05-22 23:54:13,1,59,0.211,0.938
2026-05-22 23:54:13,1,60,0.424,0.906
2026-05-22 23:54:13,1,61,0.309,0.906
2026-05-22 23:54:13,1,62,0.331,0.906
2026-05-22 23:54:13,1,63,0.161,0.938
2026-05-22 23:54:13,1,64,0.022,1.000
2026-05-22 23:54:30,2,65,0.254,0.906
2026-05-22 23:54:30,2,66,0.345,0.906
2026-05-22 23:54:31,2,67,0.343,0.875
2026-05-22 23:54:31,2,68,0.089,0.969
2026-05-22 23:54:31,2,69,0.276,0.938
2026-05-22 23:54:31,2,70,0.288,0.906
2026-05-22 23:54:31,2,71,0.135,0.938
2026-05-22 23:54:31,2,72,0.219,0.938
2026-05-22 23:54:32,2,73,0.289,0.875
2026-05-22 23:54:32,2,74,0.254,0.906
2026-05-22 23:54:32,2,75,0.121,0.969
2026-05-22 23:54:32,2,76,0.206,0.938
2026-05-22 23:54:32,2,77,0.332,0.906
2026-05-22 23:54:32,2,78,0.260,0.938
2026-05-22 23:54:33,2,79,0.247,0.906
2026-05-22 23:54:33,2,80,0.076,0.969
2026-05-22 23:54:33,2,81,0.260,0.875
2026-05-22 23:54:33,2,82,0.230,0.938
2026-05-22 23:54:33,2,83,0.275,0.906
2026-05-22 23:54:34,2,84,0.122,0.969
2026-05-22 23:54:34,2,85,0.228,0.938
2026-05-22 23:54:34,2,86,0.214,0.969
2026-05-22 23:54:34,2,87,0.433,0.844
2026-05-22 23:54:34,2,88,0.243,0.938
2026-05-22 23:54:34,2,89,0.052,1.000
2026-05-22 23:54:35,2,90,0.190,0.969
2026-05-22 23:54:35,2,91,0.152,0.969
2026-05-22 23:54:35,2,92,0.145,0.938
2026-05-22 23:54:35,2,93,0.354,0.906
2026-05-22 23:54:35,2,94,0.223,0.875
2026-05-22 23:54:36,2,95,0.074,0.969
2026-05-22 23:54:36,2,96,0.173,0.969
2026-05-22 23:54:36,2,97,0.152,0.938
2026-05-22 23:54:36,2,98,0.138,0.906
2026-05-22 23:54:36,2,99,0.252,0.906
2026-05-22 23:54:37,2,100,0.152,0.969
2026-05-22 23:54:37,2,101,0.513,0.906
2026-05-22 23:54:37,2,102,0.191,0.938
2026-05-22 23:54:37,2,103,0.145,0.938
2026-05-22 23:54:37,2,104,0.329,0.906
2026-05-22 23:54:37,2,105,0.401,0.812
2026-05-22 23:54:38,2,106,0.286,0.875
2026-05-22 23:54:38,2,107,0.105,0.969
2026-05-22 23:54:38,2,108,0.467,0.844
2026-05-22 23:54:38,2,109,0.237,0.906
2026-05-22 23:54:38,2,110,0.226,0.906
2026-05-22 23:54:39,2,111,0.152,0.969
2026-05-22 23:54:39,2,112,0.115,0.969
2026-05-22 23:54:39,2,113,0.117,0.969
2026-05-22 23:54:39,2,114,0.057,1.000
2026-05-22 23:54:39,2,115,0.245,0.938
2026-05-22 23:54:39,2,116,0.252,0.875
2026-05-22 23:54:40,2,117,0.276,0.875
2026-05-22 23:54:40,2,118,0.158,0.938
2026-05-22 23:54:40,2,119,0.181,0.969
2026-05-22 23:54:40,2,120,0.273,0.875
2026-05-22 23:54:40,2,121,0.094,0.969
2026-05-22 23:54:41,2,122,0.096,1.000
2026-05-22 23:54:41,2,123,0.301,0.875
2026-05-22 23:54:41,2,124,0.169,0.969
2026-05-22 23:54:41,2,125,0.158,0.938
2026-05-22 23:54:41,2,126,0.237,0.906
2026-05-22 23:54:42,2,127,0.366,0.875
2026-05-22 23:54:42,2,128,0.061,1.000
2026-05-23 00:14:25,1,1,1.735,0.219
2026-05-23 00:14:25,1,2,1.704,0.406
2026-05-23 00:14:25,1,3,1.515,0.531
2026-05-23 00:14:25,1,4,1.507,0.344
2026-05-23 00:14:26,1,5,1.487,0.438
2026-05-23 00:14:26,1,6,1.499,0.469
2026-05-23 00:14:26,1,7,1.102,0.750
2026-05-23 00:14:26,1,8,1.173,0.719
2026-05-23 00:14:26,1,9,0.822,0.875
2026-05-23 00:14:27,1,10,1.057,0.656
2026-05-23 00:14:27,1,11,0.896,0.688
2026-05-23 00:14:27,1,12,0.805,0.750
2026-05-23 00:14:27,1,13,0.739,0.625
2026-05-23 00:14:27,1,14,0.762,0.719
2026-05-23 00:14:27,1,15,0.716,0.750
2026-05-23 00:14:28,1,16,0.777,0.688
2026-05-23 00:14:28,1,17,0.712,0.719
2026-05-23 00:14:28,1,18,0.536,0.844
2026-05-23 00:14:28,1,19,0.868,0.625
2026-05-23 00:14:28,1,20,0.815,0.688
2026-05-23 00:14:28,1,21,0.497,0.875
2026-05-23 00:14:29,1,22,0.647,0.750
2026-05-23 00:14:29,1,23,0.594,0.812
2026-05-23 00:14:29,1,24,0.517,0.844
2026-05-23 00:14:29,1,25,0.426,0.844
2026-05-23 00:14:29,1,26,0.557,0.812
2026-05-23 00:14:29,1,27,0.555,0.781
2026-05-23 00:14:30,1,28,0.543,0.844
2026-05-23 00:14:30,1,29,0.479,0.906
2026-05-23 00:14:30,1,30,0.508,0.719
2026-05-23 00:14:30,1,31,0.502,0.875
2026-05-23 00:14:30,1,32,0.311,0.875
2026-05-23 00:14:31,1,33,0.546,0.750
2026-05-23 00:14:31,1,34,0.392,0.812
2026-05-23 00:14:31,1,35,0.606,0.781
2026-05-23 00:14:31,1,36,0.589,0.812
2026-05-23 00:14:31,1,37,0.351,0.906
2026-05-23 00:14:31,1,38,0.232,0.906
2026-05-23 00:14:32,1,39,0.214,0.938
2026-05-23 00:14:32,1,40,0.517,0.812
2026-05-23 00:14:32,1,41,0.466,0.906
2026-05-23 00:14:32,1,42,0.329,0.938
2026-05-23 00:14:32,1,43,0.755,0.875
2026-05-23 00:14:33,1,44,0.489,0.750
2026-05-23 00:14:33,1,45,0.321,0.812
2026-05-23 00:14:33,1,46,0.303,0.875
2026-05-23 00:14:33,1,47,0.379,0.875
2026-05-23 00:14:33,1,48,0.316,0.906
2026-05-23 00:14:33,1,49,0.505,0.875
2026-05-23 00:14:34,1,50,0.277,0.906
2026-05-23 00:14:34,1,51,0.338,0.906
2026-05-23 00:14:34,1,52,0.303,0.906
2026-05-23 00:14:34,1,53,0.564,0.844
2026-05-23 00:14:34,1,54,0.352,0.906
2026-05-23 00:14:35,1,55,0.421,0.812
2026-05-23 00:14:35,1,56,0.155,1.000
2026-05-23 00:14:35,1,57,0.635,0.750
2026-05-23 00:14:35,1,58,0.244,0.906
2026-05-23 00:14:35,1,59,0.480,0.781
2026-05-23 00:14:35,1,60,0.331,0.875
2026-05-23 00:14:36,1,61,0.322,0.875
2026-05-23 00:14:36,1,62,0.217,0.938
2026-05-23 00:14:36,1,63,0.380,0.875
2026-05-23 00:14:36,1,64,0.690,0.667
2026-05-23 01:23:14,1,1,1.875,0.094
2026-05-23 01:23:14,1,2,1.798,0.188
2026-05-23 01:23:15,1,3,1.667,0.344
2026-05-23 01:23:15,1,4,1.594,0.375
2026-05-23 01:23:15,1,5,1.425,0.625
2026-05-23 01:23:15,1,6,1.336,0.594
2026-05-23 01:23:15,1,7,1.309,0.531
2026-05-23 01:23:16,1,8,1.125,0.656
2026-05-23 01:23:16,1,9,1.034,0.594
2026-05-23 01:23:16,1,10,0.984,0.656
2026-05-23 01:23:16,1,11,1.122,0.594
2026-05-23 01:23:16,1,12,1.040,0.719
2026-05-23 01:23:17,1,13,0.920,0.688
2026-05-23 01:23:17,1,14,0.677,0.844
2026-05-23 01:23:17,1,15,0.792,0.781
2026-05-23 01:23:17,1,16,0.495,0.812
2026-05-23 01:23:17,1,17,0.813,0.656
2026-05-23 01:23:18,1,18,0.726,0.844
2026-05-23 01:23:18,1,19,0.895,0.656
2026-05-23 01:23:18,1,20,0.741,0.719
2026-05-23 01:23:18,1,21,0.597,0.844
2026-05-23 01:23:19,1,22,0.492,0.812
2026-05-23 01:23:19,1,23,0.549,0.875
2026-05-23 01:23:19,1,24,0.838,0.656
2026-05-23 01:23:19,1,25,0.673,0.688
2026-05-23 01:23:19,1,26,0.607,0.844
2026-05-23 01:23:20,1,27,0.470,0.812
2026-05-23 01:23:20,1,28,0.469,0.812
2026-05-23 01:23:20,1,29,0.776,0.688
2026-05-23 01:23:20,1,30,0.563,0.719
2026-05-23 01:23:20,1,31,0.726,0.719
2026-05-23 01:23:21,1,32,0.878,0.750
2026-05-23 01:23:21,1,33,0.480,0.875
2026-05-23 01:23:21,1,34,0.669,0.750
2026-05-23 01:23:21,1,35,0.483,0.781
2026-05-23 01:23:21,1,36,0.536,0.781
2026-05-23 01:23:22,1,37,0.739,0.719
2026-05-23 01:23:22,1,38,0.371,0.875
2026-05-23 01:23:22,1,39,0.683,0.812
2026-05-23 01:23:22,1,40,0.450,0.844
2026-05-23 01:23:22,1,41,0.474,0.781
2026-05-23 01:23:23,1,42,0.368,0.906
2026-05-23 01:23:23,1,43,0.266,0.906
2026-05-23 01:23:23,1,44,0.589,0.781
2026-05-23 01:23:23,1,45,0.452,0.875
2026-05-23 01:23:23,1,46,0.680,0.750
2026-05-23 01:23:24,1,47,0.455,0.844
2026-05-23 01:23:24,1,48,0.233,0.969
2026-05-23 01:23:24,1,49,0.393,0.875
2026-05-23 01:23:24,1,50,0.443,0.844
2026-05-23 01:23:25,1,51,0.314,0.906
2026-05-23 01:23:25,1,52,0.347,0.875
2026-05-23 01:23:25,1,53,0.221,0.938
2026-05-23 01:23:25,1,54,0.463,0.781
2026-05-23 01:23:25,1,55,0.516,0.844
2026-05-23 01:23:26,1,56,0.285,0.938
2026-05-23 01:23:26,1,57,0.216,0.938
2026-05-23 01:23:26,1,58,0.298,0.906
2026-05-23 01:23:26,1,59,0.624,0.719
2026-05-23 01:23:26,1,60,0.197,0.969
2026-05-23 01:23:27,1,61,0.247,0.938
2026-05-23 01:23:27,1,62,0.124,0.969
2026-05-23 01:23:27,1,63,0.227,0.938
2026-05-23 01:23:27,1,64,0.057,1.000
2026-05-23 01:23:47,2,65,0.233,0.875
2026-05-23 01:23:48,2,66,0.259,0.906
2026-05-23 01:23:48,2,67,0.213,0.938
2026-05-23 01:23:48,2,68,0.122,1.000
2026-05-23 01:23:48,2,69,0.301,0.875
2026-05-23 01:23:48,2,70,0.283,0.938
2026-05-23 01:23:49,2,71,0.152,0.969
2026-05-23 01:23:49,2,72,0.139,0.969
2026-05-23 01:23:49,2,73,0.359,0.938
2026-05-23 01:23:50,2,74,0.274,0.875
2026-05-23 01:23:50,2,75,0.197,0.906
2026-05-23 01:23:50,2,76,0.194,0.938
2026-05-23 01:23:50,2,77,0.217,0.938
2026-05-23 01:23:51,2,78,0.297,0.906
2026-05-23 01:23:51,2,79,0.065,1.000
2026-05-23 01:23:51,2,80,0.276,0.906
2026-05-23 01:23:51,2,81,0.056,1.000
2026-05-23 01:23:51,2,82,0.063,1.000
2026-05-23 01:23:52,2,83,0.089,1.000
2026-05-23 01:23:52,2,84,0.209,0.906
2026-05-23 01:23:52,2,85,0.201,0.938
2026-05-23 01:23:52,2,86,0.154,0.938
2026-05-23 01:23:52,2,87,0.137,0.969
2026-05-23 01:23:53,2,88,0.219,0.969
2026-05-23 01:23:53,2,89,0.131,0.938
2026-05-23 01:23:53,2,90,0.155,0.938
2026-05-23 01:23:53,2,91,0.150,0.938
2026-05-23 01:23:54,2,92,0.130,0.969
2026-05-23 01:23:54,2,93,0.133,0.938
2026-05-23 01:23:54,2,94,0.716,0.844
2026-05-23 01:23:54,2,95,0.107,0.969
2026-05-23 01:23:54,2,96,0.345,0.875
2026-05-23 01:23:55,2,97,0.382,0.875
2026-05-23 01:23:55,2,98,0.063,1.000
2026-05-23 01:23:55,2,99,0.233,0.906
2026-05-23 01:23:55,2,100,0.159,0.906
2026-05-23 01:23:55,2,101,0.146,0.969
2026-05-23 01:23:56,2,102,0.198,0.969
2026-05-23 01:23:56,2,103,0.285,0.875
2026-05-23 01:23:56,2,104,0.312,0.875
2026-05-23 01:23:56,2,105,0.266,0.969
2026-05-23 01:23:57,2,106,0.156,0.969
2026-05-23 01:23:57,2,107,0.167,0.969
2026-05-23 01:23:57,2,108,0.248,0.906
2026-05-23 01:23:57,2,109,0.358,0.844
2026-05-23 01:23:57,2,110,0.167,0.969
2026-05-23 01:23:58,2,111,0.230,0.906
2026-05-23 01:23:58,2,112,0.067,1.000
2026-05-23 01:23:58,2,113,0.142,0.906
2026-05-23 01:23:58,2,114,0.220,0.906
2026-05-23 01:23:58,2,115,0.177,0.938
2026-05-23 01:23:59,2,116,0.151,0.969
2026-05-23 01:23:59,2,117,0.294,0.875
2026-05-23 01:23:59,2,118,0.274,0.938
2026-05-23 01:23:59,2,119,0.101,0.969
2026-05-23 01:24:00,2,120,0.183,0.969
2026-05-23 01:24:00,2,121,0.184,0.938
2026-05-23 01:24:00,2,122,0.063,1.000
2026-05-23 01:24:00,2,123,0.450,0.844
2026-05-23 01:24:01,2,124,0.258,0.906
2026-05-23 01:24:01,2,125,0.089,0.969
2026-05-23 01:24:01,2,126,0.166,0.906
2026-05-23 01:24:02,2,127,0.486,0.812
2026-05-23 01:24:02,2,128,0.415,0.667
2026-05-23 01:24:04,3,129,0.120,0.969
2026-05-23 01:24:04,3,130,0.104,0.938
2026-05-23 01:24:04,3,131,0.105,0.969
2026-05-23 01:24:04,3,132,0.233,0.906
2026-05-23 01:24:05,3,133,0.215,0.906
2026-05-23 01:24:05,3,134,0.137,0.969
2026-05-23 01:24:05,3,135,0.234,0.906
2026-05-23 01:24:05,3,136,0.307,0.875
2026-05-23 01:24:05,3,137,0.164,0.969
2026-05-23 01:24:06,3,138,0.192,0.906
2026-05-23 01:24:06,3,139,0.286,0.938
2026-05-23 01:24:06,3,140,0.079,1.000
2026-05-23 01:24:06,3,141,0.304,0.844
2026-05-23 01:24:06,3,142,0.219,0.906
2026-05-23 01:24:07,3,143,0.096,1.000
2026-05-23 01:24:07,3,144,0.101,0.969
2026-05-23 01:24:07,3,145,0.107,0.969
2026-05-23 01:24:07,3,146,0.117,0.969
2026-05-23 01:24:08,3,147,0.125,0.969
2026-05-23 01:24:08,3,148,0.159,1.000
2026-05-23 01:24:08,3,149,0.210,0.812
2026-05-23 01:24:08,3,150,0.029,1.000
2026-05-23 01:24:08,3,151,0.134,0.969
2026-05-23 01:24:09,3,152,0.134,0.938
2026-05-23 01:24:09,3,153,0.016,1.000
2026-05-23 01:24:09,3,154,0.074,0.969
2026-05-23 01:24:09,3,155,0.073,1.000
2026-05-23 01:24:10,3,156,0.050,1.000
2026-05-23 01:24:10,3,157,0.109,0.969
2026-05-23 01:24:10,3,158,0.214,0.906
2026-05-23 01:24:10,3,159,0.056,1.000
2026-05-23 01:24:10,3,160,0.200,0.969
2026-05-23 01:24:11,3,161,0.135,0.969
2026-05-23 01:24:11,3,162,0.083,0.969
2026-05-23 01:24:11,3,163,0.115,0.938
2026-05-23 01:24:11,3,164,0.101,0.969
2026-05-23 01:24:12,3,165,0.209,0.875
2026-05-23 01:24:12,3,166,0.074,0.969
2026-05-23 01:24:12,3,167,0.169,0.938
2026-05-23 01:24:12,3,168,0.099,0.969
2026-05-23 01:24:12,3,169,0.060,1.000
2026-05-23 01:24:13,3,170,0.169,0.938
2026-05-23 01:24:13,3,171,0.054,1.000
2026-05-23 01:24:13,3,172,0.143,0.906
2026-05-23 01:24:13,3,173,0.080,1.000
2026-05-23 01:24:14,3,174,0.051,1.000
2026-05-23 01:24:14,3,175,0.026,1.000
2026-05-23 01:24:14,3,176,0.114,0.969
2026-05-23 01:24:14,3,177,0.071,0.969
2026-05-23 01:24:14,3,178,0.121,0.969
2026-05-23 01:24:15,3,179,0.078,0.969
2026-05-23 01:24:15,3,180,0.084,0.969
2026-05-23 01:24:15,3,181,0.052,0.969
2026-05-23 01:24:16,3,182,0.234,0.938
2026-05-23 01:24:16,3,183,0.101,0.969
2026-05-23 01:24:16,3,184,0.044,1.000
2026-05-23 01:24:16,3,185,0.026,1.000
2026-05-23 01:24:17,3,186,0.211,0.938
2026-05-23 01:24:17,3,187,0.146,0.938
2026-05-23 01:24:17,3,188,0.088,0.969
2026-05-23 01:24:18,3,189,0.056,0.969
2026-05-23 01:24:18,3,190,0.012,1.000
2026-05-23 01:24:18,3,191,0.058,1.000
2026-05-23 01:24:18,3,192,0.011,1.000
2026-05-23 01:24:22,4,193,0.018,1.000
2026-05-23 01:24:22,4,194,0.025,1.000
2026-05-23 01:24:22,4,195,0.130,0.969
2026-05-23 01:24:23,4,196,0.029,1.000
2026-05-23 01:24:23,4,197,0.212,0.906
2026-05-23 01:24:23,4,198,0.088,0.969
2026-05-23 01:24:24,4,199,0.093,0.969
2026-05-23 01:24:24,4,200,0.056,1.000
2026-05-23 01:24:25,4,201,0.152,0.969
2026-05-23 01:24:25,4,202,0.065,1.000
2026-05-23 01:24:25,4,203,0.206,0.938
2026-05-23 01:24:26,4,204,0.034,1.000
2026-05-23 01:24:26,4,205,0.022,1.000
2026-05-23 01:24:27,4,206,0.022,1.000
2026-05-23 01:24:27,4,207,0.342,0.906
2026-05-23 01:24:27,4,208,0.059,1.000
2026-05-23 01:24:28,4,209,0.077,0.969
2026-05-23 01:24:28,4,210,0.048,1.000
2026-05-23 01:24:28,4,211,0.100,0.906
2026-05-23 01:24:29,4,212,0.018,1.000
2026-05-23 01:24:29,4,213,0.034,1.000
2026-05-23 01:24:30,4,214,0.036,1.000
2026-05-23 01:24:30,4,215,0.153,0.906
2026-05-23 01:24:30,4,216,0.353,0.938
2026-05-23 01:24:31,4,217,0.055,0.969
2026-05-23 01:24:31,4,218,0.051,0.969
2026-05-23 01:24:31,4,219,0.031,1.000
2026-05-23 01:24:32,4,220,0.130,0.938
2026-05-23 01:24:32,4,221,0.097,0.969
2026-05-23 01:24:33,4,222,0.065,1.000
2026-05-23 01:24:33,4,223,0.107,0.938
2026-05-23 01:24:33,4,224,0.028,1.000
2026-05-23 01:24:34,4,225,0.032,1.000
2026-05-23 01:24:34,4,226,0.131,0.938
2026-05-23 01:24:34,4,227,0.268,0.938
2026-05-23 01:24:35,4,228,0.038,1.000
2026-05-23 01:24:35,4,229,0.196,0.906
2026-05-23 01:24:36,4,230,0.027,1.000
2026-05-23 01:24:36,4,231,0.162,0.969
2026-05-23 01:24:36,4,232,0.208,0.938
2026-05-23 01:24:37,4,233,0.057,0.969
2026-05-23 01:24:37,4,234,0.185,0.906
2026-05-23 01:24:37,4,235,0.042,1.000
2026-05-23 01:24:38,4,236,0.099,0.969
2026-05-23 01:24:38,4,237,0.167,0.938
2026-05-23 01:24:39,4,238,0.013,1.000
2026-05-23 01:24:39,4,239,0.013,1.000
2026-05-23 01:24:40,4,240,0.018,1.000
2026-05-23 01:24:40,4,241,0.009,1.000
2026-05-23 01:24:40,4,242,0.038,1.000
2026-05-23 01:24:41,4,243,0.016,1.000
2026-05-23 01:24:41,4,244,0.040,1.000
2026-05-23 01:24:41,4,245,0.036,1.000
2026-05-23 01:24:42,4,246,0.033,1.000
2026-05-23 01:24:42,4,247,0.257,0.938
2026-05-23 01:24:42,4,248,0.024,1.000
2026-05-23 01:24:43,4,249,0.140,0.969
2026-05-23 01:24:43,4,250,0.142,0.969
2026-05-23 01:24:44,4,251,0.024,1.000
2026-05-23 01:24:44,4,252,0.117,0.969
2026-05-23 01:24:44,4,253,0.031,1.000
2026-05-23 01:24:45,4,254,0.088,0.969
2026-05-23 01:24:45,4,255,0.155,0.969
2026-05-23 01:24:45,4,256,0.065,1.000
2026-05-23 01:24:49,5,257,0.243,0.938
2026-05-23 01:24:49,5,258,0.017,1.000
2026-05-23 01:24:50,5,259,0.073,0.969
2026-05-23 01:24:50,5,260,0.092,0.938
2026-05-23 01:24:51,5,261,0.019,1.000
2026-05-23 01:24:51,5,262,0.090,0.969
2026-05-23 01:24:51,5,263,0.142,0.938
2026-05-23 01:24:52,5,264,0.007,1.000
2026-05-23 01:24:52,5,265,0.026,1.000
2026-05-23 01:24:52,5,266,0.059,0.969
2026-05-23 01:24:53,5,267,0.022,1.000
2026-05-23 01:24:53,5,268,0.088,0.969
2026-05-23 01:24:54,5,269,0.053,1.000
2026-05-23 01:24:54,5,270,0.027,1.000
2026-05-23 01:24:54,5,271,0.033,1.000
2026-05-23 01:24:55,5,272,0.011,1.000
2026-05-23 01:24:55,5,273,0.131,0.969
2026-05-23 01:24:56,5,274,0.101,0.938
2026-05-23 01:24:56,5,275,0.016,1.000
2026-05-23 01:24:56,5,276,0.085,0.938
2026-05-23 01:24:57,5,277,0.078,0.969
2026-05-23 01:24:57,5,278,0.008,1.000
2026-05-23 01:24:58,5,279,0.015,1.000
2026-05-23 01:24:58,5,280,0.049,1.000
2026-05-23 01:24:58,5,281,0.091,0.969
2026-05-23 01:24:59,5,282,0.052,1.000
2026-05-23 01:24:59,5,283,0.045,1.000
2026-05-23 01:24:59,5,284,0.078,0.969
2026-05-23 01:24:59,5,285,0.014,1.000
2026-05-23 01:25:00,5,286,0.013,1.000
2026-05-23 01:25:00,5,287,0.077,0.969
2026-05-23 01:25:00,5,288,0.032,1.000
2026-05-23 01:25:01,5,289,0.183,0.938
2026-05-23 01:25:01,5,290,0.032,1.000
2026-05-23 01:25:01,5,291,0.036,1.000
2026-05-23 01:25:02,5,292,0.021,1.000
2026-05-23 01:25:02,5,293,0.005,1.000
2026-05-23 01:25:02,5,294,0.019,1.000
2026-05-23 01:25:02,5,295,0.061,0.969
2026-05-23 01:25:03,5,296,0.040,1.000
2026-05-23 01:25:03,5,297,0.061,0.969
2026-05-23 01:25:03,5,298,0.007,1.000
2026-05-23 01:25:04,5,299,0.034,1.000
2026-05-23 01:25:04,5,300,0.018,1.000
2026-05-23 01:25:04,5,301,0.146,0.969
2026-05-23 01:25:04,5,302,0.017,1.000
2026-05-23 01:25:05,5,303,0.006,1.000
2026-05-23 01:25:05,5,304,0.209,0.938
2026-05-23 01:25:05,5,305,0.016,1.000
2026-05-23 01:25:06,5,306,0.005,1.000
2026-05-23 01:25:06,5,307,0.021,1.000
2026-05-23 01:25:06,5,308,0.011,1.000
2026-05-23 01:25:07,5,309,0.016,1.000
2026-05-23 01:25:07,5,310,0.164,0.906
2026-05-23 01:25:07,5,311,0.185,0.906
2026-05-23 01:25:07,5,312,0.028,1.000
2026-05-23 01:25:08,5,313,0.008,1.000
2026-05-23 01:25:08,5,314,0.101,0.938
2026-05-23 01:25:08,5,315,0.110,0.969
2026-05-23 01:25:09,5,316,0.047,0.969
2026-05-23 01:25:09,5,317,0.022,1.000
2026-05-23 01:25:09,5,318,0.019,1.000
2026-05-23 01:25:10,5,319,0.036,1.000
2026-05-23 01:25:10,5,320,0.000,1.000
2026-05-23 01:25:13,6,321,0.036,1.000
2026-05-23 01:25:13,6,322,0.062,1.000
2026-05-23 01:25:13,6,323,0.039,1.000
2026-05-23 01:25:13,6,324,0.015,1.000
2026-05-23 01:25:14,6,325,0.046,0.969
2026-05-23 01:25:14,6,326,0.035,1.000
2026-05-23 01:25:15,6,327,0.018,1.000
2026-05-23 01:25:15,6,328,0.086,0.969
2026-05-23 01:25:15,6,329,0.029,1.000
2026-05-23 01:25:16,6,330,0.016,1.000
2026-05-23 01:25:16,6,331,0.042,1.000
2026-05-23 01:25:16,6,332,0.008,1.000
2026-05-23 01:25:16,6,333,0.046,0.969
2026-05-23 01:25:17,6,334,0.129,0.969
2026-05-23 01:25:18,6,335,0.211,0.938
2026-05-23 01:25:18,6,336,0.048,0.969
2026-05-23 01:25:18,6,337,0.018,1.000
2026-05-23 01:25:18,6,338,0.013,1.000
2026-05-23 01:25:19,6,339,0.041,1.000
2026-05-23 01:25:19,6,340,0.050,1.000
2026-05-23 01:25:19,6,341,0.024,1.000
2026-05-23 01:25:20,6,342,0.053,0.969
2026-05-23 01:25:20,6,343,0.520,0.906
2026-05-23 01:25:20,6,344,0.026,1.000
2026-05-23 01:25:20,6,345,0.009,1.000
2026-05-23 01:25:20,6,346,0.019,1.000
2026-05-23 01:25:21,6,347,0.044,1.000
2026-05-23 01:25:21,6,348,0.035,1.000
2026-05-23 01:25:21,6,349,0.232,0.906
2026-05-23 01:25:22,6,350,0.222,0.906
2026-05-23 01:25:22,6,351,0.006,1.000
2026-05-23 01:25:22,6,352,0.093,0.969
2026-05-23 01:25:23,6,353,0.018,1.000
2026-05-23 01:25:23,6,354,0.030,1.000
2026-05-23 01:25:23,6,355,0.200,0.969
2026-05-23 01:25:23,6,356,0.040,0.969
2026-05-23 01:25:24,6,357,0.019,1.000
2026-05-23 01:25:24,6,358,0.069,0.969
2026-05-23 01:25:24,6,359,0.079,0.969
2026-05-23 01:25:25,6,360,0.186,0.938
2026-05-23 01:25:25,6,361,0.036,1.000
2026-05-23 01:25:25,6,362,0.091,0.969
2026-05-23 01:25:26,6,363,0.047,0.969
2026-05-23 01:25:26,6,364,0.020,1.000
2026-05-23 01:25:26,6,365,0.044,1.000
2026-05-23 01:25:26,6,366,0.036,1.000
2026-05-23 01:25:27,6,367,0.052,1.000
2026-05-23 01:25:27,6,368,0.094,0.938
2026-05-23 01:25:27,6,369,0.051,1.000
2026-05-23 01:25:28,6,370,0.049,1.000
2026-05-23 01:25:28,6,371,0.050,0.969
2026-05-23 01:25:28,6,372,0.057,0.969
2026-05-23 01:25:29,6,373,0.004,1.000
2026-05-23 01:25:29,6,374,0.052,1.000
2026-05-23 01:25:29,6,375,0.079,0.969
2026-05-23 01:25:30,6,376,0.050,1.000
2026-05-23 01:25:30,6,377,0.022,1.000
2026-05-23 01:25:30,6,378,0.018,1.000
2026-05-23 01:25:30,6,379,0.087,1.000
2026-05-23 01:25:31,6,380,0.094,0.969
2026-05-23 01:25:31,6,381,0.010,1.000
2026-05-23 01:25:31,6,382,0.007,1.000
2026-05-23 01:25:32,6,383,0.146,0.969
2026-05-23 01:25:32,6,384,0.003,1.000
2026-05-23 01:25:35,7,385,0.135,0.906
2026-05-23 01:25:35,7,386,0.017,1.000
2026-05-23 01:25:35,7,387,0.005,1.000
2026-05-23 01:25:36,7,388,0.013,1.000
2026-05-23 01:25:36,7,389,0.069,0.969
2026-05-23 01:25:36,7,390,0.063,0.969
2026-05-23 01:25:37,7,391,0.080,0.938
2026-05-23 01:25:37,7,392,0.004,1.000
2026-05-23 01:25:37,7,393,0.011,1.000
2026-05-23 01:25:37,7,394,0.018,1.000
2026-05-23 01:25:38,7,395,0.005,1.000
2026-05-23 01:25:38,7,396,0.030,1.000
2026-05-23 01:25:38,7,397,0.026,1.000
2026-05-23 01:25:39,7,398,0.021,1.000
2026-05-23 01:25:39,7,399,0.044,1.000
2026-05-23 01:25:39,7,400,0.028,0.969
2026-05-23 01:25:40,7,401,0.011,1.000
2026-05-23 01:25:40,7,402,0.029,1.000
2026-05-23 01:25:40,7,403,0.020,1.000
2026-05-23 01:25:41,7,404,0.016,1.000
2026-05-23 01:25:41,7,405,0.022,1.000
2026-05-23 01:25:41,7,406,0.027,1.000
2026-05-23 01:25:41,7,407,0.004,1.000
2026-05-23 01:25:42,7,408,0.019,1.000
2026-05-23 01:25:42,7,409,0.010,1.000
2026-05-23 01:25:42,7,410,0.028,1.000
2026-05-23 01:25:43,7,411,0.035,1.000
2026-05-23 01:25:43,7,412,0.005,1.000
2026-05-23 01:25:43,7,413,0.002,1.000
2026-05-23 01:25:44,7,414,0.059,0.969
2026-05-23 01:25:44,7,415,0.013,1.000
2026-05-23 01:25:44,7,416,0.006,1.000
2026-05-23 01:25:44,7,417,0.026,1.000
2026-05-23 01:25:45,7,418,0.004,1.000
2026-05-23 01:25:45,7,419,0.017,1.000
2026-05-23 01:25:46,7,420,0.151,0.969
2026-05-23 01:25:46,7,421,0.009,1.000
2026-05-23 01:25:46,7,422,0.016,1.000
2026-05-23 01:25:47,7,423,0.005,1.000
2026-05-23 01:25:47,7,424,0.021,1.000
2026-05-23 01:25:47,7,425,0.021,1.000
2026-05-23 01:25:48,7,426,0.003,1.000
2026-05-23 01:25:48,7,427,0.079,0.969
2026-05-23 01:25:48,7,428,0.003,1.000
2026-05-23 01:25:49,7,429,0.011,1.000
2026-05-23 01:25:49,7,430,0.054,0.969
2026-05-23 01:25:50,7,431,0.067,0.969
2026-05-23 01:25:50,7,432,0.016,1.000
2026-05-23 01:25:50,7,433,0.021,1.000
2026-05-23 01:25:51,7,434,0.011,1.000
2026-05-23 01:25:51,7,435,0.003,1.000
2026-05-23 01:25:51,7,436,0.006,1.000
2026-05-23 01:25:51,7,437,0.014,1.000
2026-05-23 01:25:52,7,438,0.011,1.000
2026-05-23 01:25:52,7,439,0.047,0.969
2026-05-23 01:25:52,7,440,0.069,0.969
2026-05-23 01:25:52,7,441,0.020,1.000
2026-05-23 01:25:53,7,442,0.088,0.969
2026-05-23 01:25:53,7,443,0.076,0.969
2026-05-23 01:25:53,7,444,0.023,1.000
2026-05-23 01:25:54,7,445,0.052,0.969
2026-05-23 01:25:54,7,446,0.009,1.000
2026-05-23 01:25:55,7,447,0.028,1.000
2026-05-23 01:25:55,7,448,0.000,1.000
2026-05-23 01:25:58,8,449,0.017,1.000
2026-05-23 01:25:59,8,450,0.009,1.000
2026-05-23 01:26:00,8,451,0.001,1.000
2026-05-23 01:26:00,8,452,0.119,0.969
2026-05-23 01:26:00,8,453,0.015,1.000
2026-05-23 01:26:01,8,454,0.017,1.000
2026-05-23 01:26:01,8,455,0.007,1.000
2026-05-23 01:26:02,8,456,0.009,1.000
2026-05-23 01:26:02,8,457,0.023,1.000
2026-05-23 01:26:02,8,458,0.029,1.000
2026-05-23 01:26:03,8,459,0.013,1.000
2026-05-23 01:26:03,8,460,0.092,0.969
2026-05-23 01:26:04,8,461,0.003,1.000
2026-05-23 01:26:04,8,462,0.027,1.000
2026-05-23 01:26:05,8,463,0.015,1.000
2026-05-23 01:26:05,8,464,0.003,1.000
2026-05-23 01:26:05,8,465,0.017,1.000
2026-05-23 01:26:06,8,466,0.013,1.000
2026-05-23 01:26:06,8,467,0.022,1.000
2026-05-23 01:26:07,8,468,0.015,1.000
2026-05-23 01:26:07,8,469,0.008,1.000
2026-05-23 01:26:08,8,470,0.002,1.000
2026-05-23 01:26:08,8,471,0.037,0.969
2026-05-23 01:26:09,8,472,0.003,1.000
2026-05-23 01:26:09,8,473,0.005,1.000
2026-05-23 01:26:09,8,474,0.047,0.969
2026-05-23 01:26:10,8,475,0.012,1.000
2026-05-23 01:26:10,8,476,0.003,1.000
2026-05-23 01:26:11,8,477,0.005,1.000
2026-05-23 01:26:11,8,478,0.019,1.000
2026-05-23 01:26:11,8,479,0.016,1.000
2026-05-23 01:26:12,8,480,0.010,1.000
2026-05-23 01:26:12,8,481,0.008,1.000
2026-05-23 01:26:13,8,482,0.164,0.969
2026-05-23 01:26:13,8,483,0.009,1.000
2026-05-23 01:26:14,8,484,0.026,1.000
2026-05-23 01:26:14,8,485,0.004,1.000
2026-05-23 01:26:15,8,486,0.020,1.000
2026-05-23 01:26:15,8,487,0.006,1.000
2026-05-23 01:26:15,8,488,0.018,1.000
2026-05-23 01:26:16,8,489,0.016,1.000
2026-05-23 01:26:16,8,490,0.284,0.938
2026-05-23 01:26:17,8,491,0.047,0.969
2026-05-23 01:26:17,8,492,0.017,1.000
2026-05-23 01:26:18,8,493,0.014,1.000
2026-05-23 01:26:18,8,494,0.003,1.000
2026-05-23 01:26:18,8,495,0.041,0.969
2026-05-23 01:26:19,8,496,0.010,1.000
2026-05-23 01:26:19,8,497,0.010,1.000
2026-05-23 01:26:20,8,498,0.025,1.000
2026-05-23 01:26:20,8,499,0.012,1.000
2026-05-23 01:26:21,8,500,0.001,1.000
2026-05-23 01:26:21,8,501,0.019,1.000
2026-05-23 01:26:21,8,502,0.000,1.000
2026-05-23 01:26:22,8,503,0.023,1.000
2026-05-23 01:26:22,8,504,0.024,1.000
2026-05-23 01:26:23,8,505,0.021,1.000
2026-05-23 01:26:23,8,506,0.080,0.938
2026-05-23 01:26:24,8,507,0.064,0.969
2026-05-23 01:26:24,8,508,0.064,0.969
2026-05-23 01:26:24,8,509,0.004,1.000
2026-05-23 01:26:25,8,510,0.003,1.000
2026-05-23 01:26:25,8,511,0.005,1.000
2026-05-23 01:26:25,8,512,0.001,1.000
2026-05-23 01:26:29,9,513,0.025,1.000
2026-05-23 01:26:30,9,514,0.003,1.000
2026-05-23 01:26:30,9,515,0.003,1.000
2026-05-23 01:26:30,9,516,0.029,1.000
2026-05-23 01:26:31,9,517,0.008,1.000
2026-05-23 01:26:31,9,518,0.060,0.969
2026-05-23 01:26:32,9,519,0.004,1.000
2026-05-23 01:26:32,9,520,0.006,1.000
2026-05-23 01:26:33,9,521,0.008,1.000
2026-05-23 01:26:33,9,522,0.009,1.000
2026-05-23 01:26:33,9,523,0.057,0.969
2026-05-23 01:26:34,9,524,0.039,1.000
2026-05-23 01:26:34,9,525,0.006,1.000
2026-05-23 01:26:35,9,526,0.001,1.000
2026-05-23 01:26:35,9,527,0.039,1.000
2026-05-23 01:26:36,9,528,0.012,1.000
2026-05-23 01:26:36,9,529,0.077,0.969
2026-05-23 01:26:36,9,530,0.038,1.000
2026-05-23 01:26:37,9,531,0.026,1.000
2026-05-23 01:26:37,9,532,0.036,1.000
2026-05-23 01:26:38,9,533,0.043,0.969
2026-05-23 01:26:38,9,534,0.033,1.000
2026-05-23 01:26:39,9,535,0.002,1.000
2026-05-23 01:26:39,9,536,0.020,1.000
2026-05-23 01:26:39,9,537,0.012,1.000
2026-05-23 01:26:40,9,538,0.001,1.000
2026-05-23 01:26:40,9,539,0.009,1.000
2026-05-23 01:26:41,9,540,0.009,1.000
2026-05-23 01:26:41,9,541,0.005,1.000
2026-05-23 01:26:42,9,542,0.156,0.938
2026-05-23 01:26:42,9,543,0.016,1.000
2026-05-23 01:26:43,9,544,0.001,1.000
2026-05-23 01:26:43,9,545,0.001,1.000
2026-05-23 01:26:43,9,546,0.003,1.000
2026-05-23 01:26:44,9,547,0.029,0.969
2026-05-23 01:26:44,9,548,0.003,1.000
2026-05-23 01:26:45,9,549,0.049,0.969
2026-05-23 01:26:45,9,550,0.002,1.000
2026-05-23 01:26:46,9,551,0.032,1.000
2026-05-23 01:26:46,9,552,0.015,1.000
2026-05-23 01:26:46,9,553,0.007,1.000
2026-05-23 01:26:47,9,554,0.011,1.000
2026-05-23 01:26:47,9,555,0.004,1.000
2026-05-23 01:26:48,9,556,0.002,1.000
2026-05-23 01:26:48,9,557,0.008,1.000
2026-05-23 01:26:49,9,558,0.006,1.000
2026-05-23 01:26:49,9,559,0.104,0.969
2026-05-23 01:26:50,9,560,0.079,0.969
2026-05-23 01:26:50,9,561,0.062,0.969
2026-05-23 01:26:50,9,562,0.001,1.000
2026-05-23 01:26:51,9,563,0.048,0.969
2026-05-23 01:26:51,9,564,0.004,1.000
2026-05-23 01:26:52,9,565,0.010,1.000
2026-05-23 01:26:52,9,566,0.010,1.000
2026-05-23 01:26:52,9,567,0.035,0.969
2026-05-23 01:26:53,9,568,0.047,0.969
2026-05-23 01:26:53,9,569,0.006,1.000
2026-05-23 01:26:54,9,570,0.021,1.000
2026-05-23 01:26:54,9,571,0.018,1.000
2026-05-23 01:26:55,9,572,0.031,0.969
2026-05-23 01:26:55,9,573,0.078,0.969
2026-05-23 01:26:56,9,574,0.107,0.969
2026-05-23 01:26:56,9,575,0.094,0.969
2026-05-23 01:26:56,9,576,0.005,1.000
2026-05-23 01:27:00,10,577,0.023,1.000
2026-05-23 01:27:00,10,578,0.015,1.000
2026-05-23 01:27:01,10,579,0.013,1.000
2026-05-23 01:27:01,10,580,0.011,1.000
2026-05-23 01:27:02,10,581,0.266,0.969
2026-05-23 01:27:02,10,582,0.136,0.969
2026-05-23 01:27:03,10,583,0.007,1.000
2026-05-23 01:27:03,10,584,0.023,1.000
2026-05-23 01:27:03,10,585,0.091,0.969
2026-05-23 01:27:04,10,586,0.013,1.000
2026-05-23 01:27:04,10,587,0.017,1.000
2026-05-23 01:27:05,10,588,0.010,1.000
2026-05-23 01:27:05,10,589,0.028,0.969
2026-05-23 01:27:06,10,590,0.032,0.969
2026-05-23 01:27:06,10,591,0.010,1.000
2026-05-23 01:27:06,10,592,0.014,1.000
2026-05-23 01:27:07,10,593,0.034,1.000
2026-05-23 01:27:07,10,594,0.058,0.969
2026-05-23 01:27:08,10,595,0.021,1.000
2026-05-23 01:27:08,10,596,0.051,0.969
2026-05-23 01:27:09,10,597,0.010,1.000
2026-05-23 01:27:09,10,598,0.012,1.000
2026-05-23 01:27:09,10,599,0.009,1.000
2026-05-23 01:27:10,10,600,0.047,0.969
2026-05-23 01:27:10,10,601,0.012,1.000
2026-05-23 01:27:11,10,602,0.022,1.000
2026-05-23 01:27:11,10,603,0.006,1.000
2026-05-23 01:27:12,10,604,0.008,1.000
2026-05-23 01:27:12,10,605,0.081,0.969
2026-05-23 01:27:13,10,606,0.023,1.000
2026-05-23 01:27:13,10,607,0.117,0.938
2026-05-23 01:27:13,10,608,0.092,0.969
2026-05-23 01:27:13,10,609,0.009,1.000
2026-05-23 01:27:14,10,610,0.038,0.969
2026-05-23 01:27:14,10,611,0.028,1.000
2026-05-23 01:27:14,10,612,0.020,1.000
2026-05-23 01:27:15,10,613,0.076,0.969
2026-05-23 01:27:15,10,614,0.015,1.000
2026-05-23 01:27:15,10,615,0.010,1.000
2026-05-23 01:27:15,10,616,0.002,1.000
2026-05-23 01:27:16,10,617,0.023,1.000
2026-05-23 01:27:16,10,618,0.141,0.969
2026-05-23 01:27:16,10,619,0.011,1.000
2026-05-23 01:27:16,10,620,0.017,1.000
2026-05-23 01:27:17,10,621,0.001,1.000
2026-05-23 01:27:17,10,622,0.001,1.000
2026-05-23 01:27:17,10,623,0.005,1.000
2026-05-23 01:27:18,10,624,0.136,0.938
2026-05-23 01:27:18,10,625,0.002,1.000
2026-05-23 01:27:18,10,626,0.006,1.000
2026-05-23 01:27:19,10,627,0.002,1.000
2026-05-23 01:27:19,10,628,0.153,0.938
2026-05-23 01:27:19,10,629,0.064,0.969
2026-05-23 01:27:20,10,630,0.062,0.969
2026-05-23 01:27:20,10,631,0.017,1.000
2026-05-23 01:27:20,10,632,0.003,1.000
2026-05-23 01:27:20,10,633,0.045,1.000
2026-05-23 01:27:21,10,634,0.073,0.969
2026-05-23 01:27:21,10,635,0.135,0.906
2026-05-23 01:27:21,10,636,0.027,1.000
2026-05-23 01:27:21,10,637,0.013,1.000
2026-05-23 01:27:22,10,638,0.014,1.000
2026-05-23 01:27:22,10,639,0.031,1.000
2026-05-23 01:27:22,10,640,0.048,1.000
2026-05-23 01:27:25,11,641,0.009,1.000
2026-05-23 01:27:25,11,642,0.003,1.000
2026-05-23 01:27:25,11,643,0.004,1.000
2026-05-23 01:27:26,11,644,0.026,1.000
2026-05-23 01:27:26,11,645,0.081,0.969
2026-05-23 01:27:26,11,646,0.029,1.000
2026-05-23 01:27:26,11,647,0.131,0.969
2026-05-23 01:27:27,11,648,0.035,1.000
2026-05-23 01:27:27,11,649,0.162,0.938
2026-05-23 01:27:27,11,650,0.005,1.000
2026-05-23 01:27:27,11,651,0.075,0.969
2026-05-23 01:27:28,11,652,0.022,1.000
2026-05-23 01:27:28,11,653,0.013,1.000
2026-05-23 01:27:28,11,654,0.032,1.000
2026-05-23 01:27:29,11,655,0.063,0.969
2026-05-23 01:27:29,11,656,0.006,1.000
2026-05-23 01:27:29,11,657,0.029,1.000
2026-05-23 01:27:29,11,658,0.137,0.969
2026-05-23 01:27:30,11,659,0.017,1.000
2026-05-23 01:27:30,11,660,0.003,1.000
2026-05-23 01:27:30,11,661,0.173,0.969
2026-05-23 01:27:31,11,662,0.084,0.969
2026-05-23 01:27:31,11,663,0.049,0.969
2026-05-23 01:27:31,11,664,0.057,0.969
2026-05-23 01:27:32,11,665,0.007,1.000
2026-05-23 01:27:32,11,666,0.033,0.969
2026-05-23 01:27:32,11,667,0.029,1.000
2026-05-23 01:27:32,11,668,0.004,1.000
2026-05-23 01:27:33,11,669,0.053,1.000
2026-05-23 01:27:33,11,670,0.002,1.000
2026-05-23 01:27:33,11,671,0.008,1.000
2026-05-23 01:27:34,11,672,0.010,1.000
2026-05-23 01:27:34,11,673,0.095,0.969
2026-05-23 01:27:34,11,674,0.001,1.000
2026-05-23 01:27:34,11,675,0.032,1.000
2026-05-23 01:27:35,11,676,0.004,1.000
2026-05-23 01:27:35,11,677,0.007,1.000
2026-05-23 01:27:35,11,678,0.006,1.000
2026-05-23 01:27:36,11,679,0.018,1.000
2026-05-23 01:27:36,11,680,0.039,0.969
2026-05-23 01:27:36,11,681,0.011,1.000
2026-05-23 01:27:36,11,682,0.005,1.000
2026-05-23 01:27:37,11,683,0.022,1.000
2026-05-23 01:27:37,11,684,0.010,1.000
2026-05-23 01:27:37,11,685,0.018,1.000
2026-05-23 01:27:38,11,686,0.028,1.000
2026-05-23 01:27:38,11,687,0.028,1.000
2026-05-23 01:27:38,11,688,0.030,0.969
2026-05-23 01:27:38,11,689,0.016,1.000
2026-05-23 01:27:39,11,690,0.033,1.000
2026-05-23 01:27:39,11,691,0.005,1.000
2026-05-23 01:27:39,11,692,0.128,0.969
2026-05-23 01:27:40,11,693,0.024,1.000
2026-05-23 01:27:40,11,694,0.010,1.000
2026-05-23 01:27:40,11,695,0.021,1.000
2026-05-23 01:27:41,11,696,0.104,0.938
2026-05-23 01:27:41,11,697,0.036,0.969
2026-05-23 01:27:41,11,698,0.031,1.000
2026-05-23 01:27:41,11,699,0.016,1.000
2026-05-23 01:27:42,11,700,0.040,0.969
2026-05-23 01:27:42,11,701,0.144,0.938
2026-05-23 01:27:42,11,702,0.011,1.000
2026-05-23 01:27:43,11,703,0.009,1.000
2026-05-23 01:27:43,11,704,0.000,1.000
2026-05-23 01:27:48,12,705,0.012,1.000
2026-05-23 01:27:48,12,706,0.081,0.969
2026-05-23 01:27:49,12,707,0.010,1.000
2026-05-23 01:27:49,12,708,0.016,1.000
2026-05-23 01:27:50,12,709,0.006,1.000
2026-05-23 01:27:51,12,710,0.002,1.000
2026-05-23 01:27:51,12,711,0.022,1.000
2026-05-23 01:27:52,12,712,0.121,0.938
2026-05-23 01:27:53,12,713,0.001,1.000
2026-05-23 01:27:53,12,714,0.086,0.969
2026-05-23 01:27:54,12,715,0.007,1.000
2026-05-23 01:27:55,12,716,0.012,1.000
2026-05-23 01:27:55,12,717,0.002,1.000
2026-05-23 01:27:56,12,718,0.008,1.000
2026-05-23 01:27:57,12,719,0.014,1.000
2026-05-23 01:27:58,12,720,0.031,1.000
2026-05-23 01:27:58,12,721,0.019,1.000
2026-05-23 01:27:59,12,722,0.128,0.938
2026-05-23 01:28:00,12,723,0.005,1.000
2026-05-23 01:28:00,12,724,0.007,1.000
2026-05-23 01:28:01,12,725,0.003,1.000
2026-05-23 01:28:01,12,726,0.070,0.969
2026-05-23 01:28:02,12,727,0.026,1.000
2026-05-23 01:28:03,12,728,0.008,1.000
2026-05-23 01:28:03,12,729,0.007,1.000
2026-05-23 01:28:04,12,730,0.134,0.938
2026-05-23 01:28:05,12,731,0.006,1.000
2026-05-23 01:28:05,12,732,0.005,1.000
2026-05-23 01:28:06,12,733,0.024,1.000
2026-05-23 01:28:06,12,734,0.004,1.000
2026-05-23 01:28:07,12,735,0.006,1.000
2026-05-23 01:28:08,12,736,0.015,1.000
2026-05-23 01:28:08,12,737,0.002,1.000
2026-05-23 01:28:09,12,738,0.013,1.000
2026-05-23 01:28:09,12,739,0.063,0.938
2026-05-23 01:28:10,12,740,0.014,1.000
2026-05-23 01:28:11,12,741,0.007,1.000
2026-05-23 01:28:11,12,742,0.014,1.000
2026-05-23 01:28:12,12,743,0.038,0.969
2026-05-23 01:28:12,12,744,0.034,0.969
2026-05-23 01:28:13,12,745,0.006,1.000
2026-05-23 01:28:13,12,746,0.003,1.000
2026-05-23 01:28:14,12,747,0.004,1.000
2026-05-23 01:28:14,12,748,0.036,0.969
2026-05-23 01:28:15,12,749,0.072,0.969
2026-05-23 01:28:16,12,750,0.105,0.969
2026-05-23 01:28:17,12,751,0.193,0.938
2026-05-23 01:28:18,12,752,0.003,1.000
2026-05-23 01:28:18,12,753,0.006,1.000
2026-05-23 01:28:19,12,754,0.189,0.969
2026-05-23 01:28:20,12,755,0.149,0.938
2026-05-23 01:28:20,12,756,0.008,1.000
2026-05-23 01:28:21,12,757,0.007,1.000
2026-05-23 01:28:22,12,758,0.006,1.000
2026-05-23 01:28:22,12,759,0.032,1.000
2026-05-23 01:28:23,12,760,0.026,1.000
2026-05-23 01:28:23,12,761,0.090,0.969
2026-05-23 01:28:24,12,762,0.002,1.000
2026-05-23 01:28:24,12,763,0.012,1.000
2026-05-23 01:28:25,12,764,0.001,1.000
2026-05-23 01:28:25,12,765,0.005,1.000
2026-05-23 01:28:26,12,766,0.034,1.000
2026-05-23 01:28:26,12,767,0.049,0.969
2026-05-23 01:28:26,12,768,0.000,1.000
2026-05-23 01:28:31,13,769,0.007,1.000
2026-05-23 01:28:31,13,770,0.014,1.000
2026-05-23 01:28:32,13,771,0.010,1.000
2026-05-23 01:28:32,13,772,0.002,1.000
2026-05-23 01:28:33,13,773,0.049,0.969
2026-05-23 01:28:33,13,774,0.029,1.000
2026-05-23 01:28:34,13,775,0.005,1.000
2026-05-23 01:28:34,13,776,0.017,1.000
2026-05-23 01:28:35,13,777,0.025,1.000
2026-05-23 01:28:35,13,778,0.008,1.000
2026-05-23 01:28:36,13,779,0.024,1.000
2026-05-23 01:28:36,13,780,0.015,1.000
2026-05-23 01:28:37,13,781,0.012,1.000
2026-05-23 01:28:37,13,782,0.006,1.000
2026-05-23 01:28:38,13,783,0.012,1.000
2026-05-23 01:28:38,13,784,0.070,0.969
2026-05-23 01:28:39,13,785,0.008,1.000
2026-05-23 01:28:39,13,786,0.016,1.000
2026-05-23 01:28:40,13,787,0.004,1.000
2026-05-23 01:28:40,13,788,0.046,0.969
2026-05-23 01:28:41,13,789,0.002,1.000
2026-05-23 01:28:41,13,790,0.060,0.969
2026-05-23 01:28:42,13,791,0.003,1.000
2026-05-23 01:28:42,13,792,0.042,0.969
2026-05-23 01:28:43,13,793,0.007,1.000
2026-05-23 01:28:43,13,794,0.036,1.000
2026-05-23 01:28:44,13,795,0.061,0.969
2026-05-23 01:28:44,13,796,0.002,1.000
2026-05-23 01:28:45,13,797,0.003,1.000
2026-05-23 01:28:46,13,798,0.008,1.000
2026-05-23 01:28:46,13,799,0.013,1.000
2026-05-23 01:28:47,13,800,0.005,1.000
2026-05-23 01:28:48,13,801,0.007,1.000
2026-05-23 01:28:48,13,802,0.008,1.000
2026-05-23 01:28:49,13,803,0.001,1.000
2026-05-23 01:28:49,13,804,0.002,1.000
2026-05-23 01:28:49,13,805,0.001,1.000
2026-05-23 01:28:50,13,806,0.001,1.000
2026-05-23 01:28:50,13,807,0.002,1.000
2026-05-23 01:28:51,13,808,0.065,0.969
2026-05-23 01:28:52,13,809,0.004,1.000
2026-05-23 01:28:53,13,810,0.002,1.000
2026-05-23 01:28:54,13,811,0.099,0.969
2026-05-23 01:28:55,13,812,0.001,1.000
2026-05-23 01:28:56,13,813,0.000,1.000
2026-05-23 01:28:57,13,814,0.002,1.000
2026-05-23 01:28:58,13,815,0.002,1.000
2026-05-23 01:28:59,13,816,0.009,1.000
2026-05-23 01:29:00,13,817,0.004,1.000
2026-05-23 01:29:01,13,818,0.004,1.000
2026-05-23 01:29:01,13,819,0.003,1.000
2026-05-23 01:29:02,13,820,0.001,1.000
2026-05-23 01:29:03,13,821,0.005,1.000
2026-05-23 01:29:03,13,822,0.001,1.000
2026-05-23 01:29:04,13,823,0.048,1.000
2026-05-23 01:29:05,13,824,0.014,1.000
2026-05-23 01:29:06,13,825,0.022,1.000
2026-05-23 01:29:07,13,826,0.082,0.969
2026-05-23 01:29:07,13,827,0.008,1.000
2026-05-23 01:29:08,13,828,0.013,1.000
2026-05-23 01:29:09,13,829,0.005,1.000
2026-05-23 01:29:10,13,830,0.003,1.000
2026-05-23 01:29:10,13,831,0.006,1.000
2026-05-23 01:29:11,13,832,0.000,1.000
2026-05-23 01:29:16,14,833,0.001,1.000
2026-05-23 01:29:17,14,834,0.002,1.000
2026-05-23 01:29:18,14,835,0.007,1.000
2026-05-23 01:29:19,14,836,0.002,1.000
2026-05-23 01:29:19,14,837,0.020,1.000
2026-05-23 01:29:20,14,838,0.004,1.000
2026-05-23 01:29:20,14,839,0.022,1.000
2026-05-23 01:29:21,14,840,0.001,1.000
2026-05-23 01:29:22,14,841,0.017,1.000
2026-05-23 01:29:22,14,842,0.018,1.000
2026-05-23 01:29:23,14,843,0.014,1.000
2026-05-23 01:29:24,14,844,0.000,1.000
2026-05-23 01:29:24,14,845,0.026,1.000
2026-05-23 01:29:25,14,846,0.003,1.000
2026-05-23 01:29:26,14,847,0.001,1.000
2026-05-23 01:29:26,14,848,0.001,1.000
2026-05-23 01:29:27,14,849,0.005,1.000
2026-05-23 01:29:27,14,850,0.026,1.000
2026-05-23 01:29:28,14,851,0.002,1.000
2026-05-23 01:29:28,14,852,0.005,1.000
2026-05-23 01:29:29,14,853,0.006,1.000
2026-05-23 01:29:30,14,854,0.045,0.969
2026-05-23 01:29:31,14,855,0.004,1.000
2026-05-23 01:29:31,14,856,0.004,1.000
2026-05-23 01:29:32,14,857,0.001,1.000
2026-05-23 01:29:33,14,858,0.045,0.969
2026-05-23 01:29:34,14,859,0.005,1.000
2026-05-23 01:29:34,14,860,0.001,1.000
2026-05-23 01:29:35,14,861,0.004,1.000
2026-05-23 01:29:36,14,862,0.001,1.000
2026-05-23 01:29:36,14,863,0.008,1.000
2026-05-23 01:29:37,14,864,0.006,1.000
2026-05-23 01:29:37,14,865,0.004,1.000
2026-05-23 01:29:38,14,866,0.002,1.000
2026-05-23 01:29:38,14,867,0.004,1.000
2026-05-23 01:29:39,14,868,0.007,1.000
2026-05-23 01:29:40,14,869,0.001,1.000
2026-05-23 01:29:40,14,870,0.199,0.969
2026-05-23 01:29:41,14,871,0.001,1.000
2026-05-23 01:29:42,14,872,0.007,1.000
2026-05-23 01:29:42,14,873,0.006,1.000
2026-05-23 01:29:43,14,874,0.001,1.000
2026-05-23 01:29:44,14,875,0.005,1.000
2026-05-23 01:29:44,14,876,0.001,1.000
2026-05-23 01:29:45,14,877,0.022,1.000
2026-05-23 01:29:46,14,878,0.002,1.000
2026-05-23 01:29:46,14,879,0.001,1.000
2026-05-23 01:29:47,14,880,0.010,1.000
2026-05-23 01:29:47,14,881,0.008,1.000
2026-05-23 01:29:48,14,882,0.171,0.938
2026-05-23 01:29:49,14,883,0.017,1.000
2026-05-23 01:29:49,14,884,0.019,1.000
2026-05-23 01:29:50,14,885,0.027,1.000
2026-05-23 01:29:50,14,886,0.002,1.000
2026-05-23 01:29:51,14,887,0.000,1.000
2026-05-23 01:29:52,14,888,0.084,0.969
2026-05-23 01:29:52,14,889,0.021,1.000
2026-05-23 01:29:53,14,890,0.023,1.000
2026-05-23 01:29:54,14,891,0.007,1.000
2026-05-23 01:29:55,14,892,0.027,1.000
2026-05-23 01:29:55,14,893,0.004,1.000
2026-05-23 01:29:56,14,894,0.009,1.000
2026-05-23 01:29:57,14,895,0.003,1.000
2026-05-23 01:29:57,14,896,0.000,1.000
2026-05-23 01:30:01,15,897,0.018,1.000
2026-05-23 01:30:01,15,898,0.017,1.000
2026-05-23 01:30:02,15,899,0.002,1.000
2026-05-23 01:30:03,15,900,0.007,1.000
2026-05-23 01:30:03,15,901,0.008,1.000
2026-05-23 01:30:04,15,902,0.039,0.969
2026-05-23 01:30:04,15,903,0.003,1.000
2026-05-23 01:30:04,15,904,0.083,0.969
2026-05-23 01:30:05,15,905,0.001,1.000
2026-05-23 01:30:05,15,906,0.004,1.000
2026-05-23 01:30:06,15,907,0.002,1.000
2026-05-23 01:30:06,15,908,0.006,1.000
2026-05-23 01:30:07,15,909,0.009,1.000
2026-05-23 01:30:07,15,910,0.003,1.000
2026-05-23 01:30:08,15,911,0.005,1.000
2026-05-23 01:30:08,15,912,0.001,1.000
2026-05-23 01:30:09,15,913,0.002,1.000
2026-05-23 01:30:09,15,914,0.006,1.000
2026-05-23 01:30:10,15,915,0.018,1.000
2026-05-23 01:30:10,15,916,0.069,0.969
2026-05-23 01:30:10,15,917,0.001,1.000
2026-05-23 01:30:11,15,918,0.064,0.969
2026-05-23 01:30:11,15,919,0.006,1.000
2026-05-23 01:30:12,15,920,0.017,1.000
2026-05-23 01:30:12,15,921,0.003,1.000
2026-05-23 01:30:13,15,922,0.005,1.000
2026-05-23 01:30:13,15,923,0.002,1.000
2026-05-23 01:30:14,15,924,0.086,0.938
2026-05-23 01:30:14,15,925,0.066,0.969
2026-05-23 01:30:14,15,926,0.048,0.969
2026-05-23 01:30:15,15,927,0.028,1.000
2026-05-23 01:30:15,15,928,0.018,1.000
2026-05-23 01:30:16,15,929,0.002,1.000
2026-05-23 01:30:16,15,930,0.080,0.969
2026-05-23 01:30:17,15,931,0.069,0.969
2026-05-23 01:30:17,15,932,0.006,1.000
2026-05-23 01:30:17,15,933,0.008,1.000
2026-05-23 01:30:18,15,934,0.021,1.000
2026-05-23 01:30:18,15,935,0.009,1.000
2026-05-23 01:30:19,15,936,0.010,1.000
2026-05-23 01:30:19,15,937,0.014,1.000
2026-05-23 01:30:20,15,938,0.012,1.000
2026-05-23 01:30:20,15,939,0.002,1.000
2026-05-23 01:30:21,15,940,0.016,1.000
2026-05-23 01:30:22,15,941,0.060,0.969
2026-05-23 01:30:22,15,942,0.008,1.000
2026-05-23 01:30:23,15,943,0.007,1.000
2026-05-23 01:30:24,15,944,0.018,1.000
2026-05-23 01:30:24,15,945,0.002,1.000
2026-05-23 01:30:25,15,946,0.320,0.969
2026-05-23 01:30:25,15,947,0.022,1.000
2026-05-23 01:30:26,15,948,0.024,1.000
2026-05-23 01:30:26,15,949,0.001,1.000
2026-05-23 01:30:27,15,950,0.020,1.000
2026-05-23 01:30:28,15,951,0.047,0.969
2026-05-23 01:30:28,15,952,0.001,1.000
2026-05-23 01:30:29,15,953,0.015,1.000
2026-05-23 01:30:30,15,954,0.030,1.000
2026-05-23 01:30:30,15,955,0.020,1.000
2026-05-23 01:30:31,15,956,0.011,1.000
2026-05-23 01:30:31,15,957,0.028,1.000
2026-05-23 01:30:32,15,958,0.132,0.938
2026-05-23 01:30:32,15,959,0.005,1.000
2026-05-23 01:30:32,15,960,0.139,1.000
2026-05-23 01:30:38,16,961,0.002,1.000
2026-05-23 01:30:38,16,962,0.004,1.000
2026-05-23 01:30:39,16,963,0.004,1.000
2026-05-23 01:30:40,16,964,0.026,1.000
2026-05-23 01:30:40,16,965,0.151,0.938
2026-05-23 01:30:41,16,966,0.430,0.844
2026-05-23 01:30:42,16,967,0.204,0.938
2026-05-23 01:30:42,16,968,0.057,0.969
2026-05-23 01:30:43,16,969,0.208,0.938
2026-05-23 01:30:44,16,970,0.048,1.000
2026-05-23 01:30:44,16,971,0.098,0.969
2026-05-23 01:30:45,16,972,0.071,0.938
2026-05-23 01:30:46,16,973,0.027,1.000
2026-05-23 01:30:46,16,974,0.031,1.000
2026-05-23 01:30:47,16,975,0.248,0.938
2026-05-23 01:30:47,16,976,0.149,0.969
2026-05-23 01:30:48,16,977,0.004,1.000
2026-05-23 01:30:49,16,978,0.010,1.000
2026-05-23 01:30:49,16,979,0.006,1.000
2026-05-23 01:30:50,16,980,0.061,0.969
2026-05-23 01:30:51,16,981,0.005,1.000
2026-05-23 01:30:51,16,982,0.082,0.969
2026-05-23 01:30:52,16,983,0.121,0.938
2026-05-23 01:30:53,16,984,0.016,1.000
2026-05-23 01:30:53,16,985,0.104,0.969
2026-05-23 01:30:54,16,986,0.014,1.000
2026-05-23 01:30:54,16,987,0.028,1.000
2026-05-23 01:30:55,16,988,0.025,1.000
2026-05-23 01:30:55,16,989,0.038,1.000
2026-05-23 01:30:56,16,990,0.159,0.906
2026-05-23 01:30:56,16,991,0.055,0.969
2026-05-23 01:30:57,16,992,0.017,1.000
2026-05-23 01:30:57,16,993,0.046,0.969
2026-05-23 01:30:58,16,994,0.017,1.000
2026-05-23 01:30:59,16,995,0.062,0.969
2026-05-23 01:30:59,16,996,0.020,1.000
2026-05-23 01:31:00,16,997,0.148,0.938
2026-05-23 01:31:00,16,998,0.038,1.000
2026-05-23 01:31:01,16,999,0.012,1.000
2026-05-23 01:31:02,16,1000,0.124,0.969
2026-05-23 01:31:03,16,1001,0.022,1.000
2026-05-23 01:31:04,16,1002,0.009,1.000
2026-05-23 01:31:04,16,1003,0.049,0.969
2026-05-23 01:31:05,16,1004,0.006,1.000
2026-05-23 01:31:05,16,1005,0.042,0.969
2026-05-23 01:31:06,16,1006,0.006,1.000
2026-05-23 01:31:07,16,1007,0.012,1.000
2026-05-23 01:31:07,16,1008,0.009,1.000
2026-05-23 01:31:08,16,1009,0.010,1.000
2026-05-23 01:31:09,16,1010,0.098,0.969
2026-05-23 01:31:10,16,1011,0.027,1.000
2026-05-23 01:31:10,16,1012,0.009,1.000
2026-05-23 01:31:11,16,1013,0.034,1.000
2026-05-23 01:31:11,16,1014,0.065,0.969
2026-05-23 01:31:12,16,1015,0.014,1.000
2026-05-23 01:31:13,16,1016,0.009,1.000
2026-05-23 01:31:13,16,1017,0.064,0.969
2026-05-23 01:31:14,16,1018,0.010,1.000
2026-05-23 01:31:14,16,1019,0.004,1.000
2026-05-23 01:31:15,16,1020,0.020,1.000
2026-05-23 01:31:16,16,1021,0.057,0.969
2026-05-23 01:31:16,16,1022,0.004,1.000
2026-05-23 01:31:17,16,1023,0.008,1.000
2026-05-23 01:31:17,16,1024,0.108,1.000
2026-05-23 01:31:22,17,1025,0.073,0.969
2026-05-23 01:31:23,17,1026,0.074,0.969
2026-05-23 01:31:24,17,1027,0.105,0.969
2026-05-23 01:31:24,17,1028,0.017,1.000
2026-05-23 01:31:25,17,1029,0.050,0.969
2026-05-23 01:31:25,17,1030,0.067,0.969
2026-05-23 01:31:26,17,1031,0.055,0.969
2026-05-23 01:31:27,17,1032,0.001,1.000
2026-05-23 01:31:28,17,1033,0.002,1.000
2026-05-23 01:31:28,17,1034,0.001,1.000
2026-05-23 01:31:29,17,1035,0.005,1.000
2026-05-23 01:31:30,17,1036,0.089,0.938
2026-05-23 01:31:31,17,1037,0.006,1.000
2026-05-23 01:31:31,17,1038,0.101,0.969
2026-05-23 01:31:32,17,1039,0.010,1.000
2026-05-23 01:31:33,17,1040,0.098,0.969
2026-05-23 01:31:33,17,1041,0.038,0.969
2026-05-23 01:31:34,17,1042,0.013,1.000
2026-05-23 01:31:34,17,1043,0.013,1.000
2026-05-23 01:31:35,17,1044,0.031,1.000
2026-05-23 01:31:35,17,1045,0.095,0.969
2026-05-23 01:31:36,17,1046,0.006,1.000
2026-05-23 01:31:36,17,1047,0.024,1.000
2026-05-23 01:31:36,17,1048,0.006,1.000
2026-05-23 01:31:37,17,1049,0.028,0.969
2026-05-23 01:31:37,17,1050,0.011,1.000
2026-05-23 01:31:38,17,1051,0.005,1.000
2026-05-23 01:31:38,17,1052,0.001,1.000
2026-05-23 01:31:39,17,1053,0.057,0.969
2026-05-23 01:31:39,17,1054,0.050,0.969
2026-05-23 01:31:40,17,1055,0.010,1.000
2026-05-23 01:31:40,17,1056,0.003,1.000
2026-05-23 01:31:41,17,1057,0.015,1.000
2026-05-23 01:31:41,17,1058,0.144,0.969
2026-05-23 01:31:42,17,1059,0.184,0.938
2026-05-23 01:31:42,17,1060,0.077,0.969
2026-05-23 01:31:43,17,1061,0.001,1.000
2026-05-23 01:31:43,17,1062,0.003,1.000
2026-05-23 01:31:44,17,1063,0.003,1.000
2026-05-23 01:31:44,17,1064,0.043,0.969
2026-05-23 01:31:45,17,1065,0.012,1.000
2026-05-23 01:31:45,17,1066,0.130,0.938
2026-05-23 01:31:46,17,1067,0.037,1.000
2026-05-23 01:31:46,17,1068,0.040,0.969
2026-05-23 01:31:47,17,1069,0.001,1.000
2026-05-23 01:31:48,17,1070,0.060,0.969
2026-05-23 01:31:48,17,1071,0.202,0.938
2026-05-23 01:31:49,17,1072,0.330,0.875
2026-05-23 01:31:49,17,1073,0.095,0.938
2026-05-23 01:31:50,17,1074,0.009,1.000
2026-05-23 01:31:50,17,1075,0.005,1.000
2026-05-23 01:31:50,17,1076,0.008,1.000
2026-05-23 01:31:51,17,1077,0.017,1.000
2026-05-23 01:31:51,17,1078,0.020,1.000
2026-05-23 01:31:52,17,1079,0.008,1.000
2026-05-23 01:31:52,17,1080,0.046,0.969
2026-05-23 01:31:53,17,1081,0.017,1.000
2026-05-23 01:31:53,17,1082,0.013,1.000
2026-05-23 01:31:54,17,1083,0.047,0.969
2026-05-23 01:31:54,17,1084,0.013,1.000
2026-05-23 01:31:55,17,1085,0.118,0.938
2026-05-23 01:31:55,17,1086,0.054,0.969
2026-05-23 01:31:56,17,1087,0.024,1.000
2026-05-23 01:31:56,17,1088,0.001,1.000
2026-05-23 01:32:01,18,1089,0.047,0.969
2026-05-23 01:32:01,18,1090,0.030,1.000
2026-05-23 01:32:02,18,1091,0.012,1.000
2026-05-23 01:32:02,18,1092,0.015,1.000
2026-05-23 01:32:03,18,1093,0.160,0.906
2026-05-23 01:32:04,18,1094,0.107,0.969
2026-05-23 01:32:07,18,1095,0.162,0.906
2026-05-23 01:32:09,18,1096,0.008,1.000
2026-05-23 01:32:10,18,1097,0.027,1.000
2026-05-23 01:32:10,18,1098,0.002,1.000
2026-05-23 01:32:11,18,1099,0.006,1.000
2026-05-23 01:32:12,18,1100,0.002,1.000
2026-05-23 01:32:12,18,1101,0.013,1.000
2026-05-23 01:32:13,18,1102,0.028,0.969
2026-05-23 01:32:14,18,1103,0.014,1.000
2026-05-23 01:32:14,18,1104,0.099,0.969
2026-05-23 01:32:15,18,1105,0.048,0.969
2026-05-23 01:32:15,18,1106,0.046,0.969
2026-05-23 01:32:16,18,1107,0.186,0.969
2026-05-23 01:32:16,18,1108,0.022,1.000
2026-05-23 01:32:17,18,1109,0.055,0.969
2026-05-23 01:32:18,18,1110,0.039,0.969
2026-05-23 01:32:18,18,1111,0.053,0.938
2026-05-23 01:32:19,18,1112,0.021,1.000
2026-05-23 01:32:19,18,1113,0.080,0.969
2026-05-23 01:32:20,18,1114,0.027,1.000
2026-05-23 01:32:20,18,1115,0.119,0.938
2026-05-23 01:32:21,18,1116,0.011,1.000
2026-05-23 01:32:22,18,1117,0.049,1.000
2026-05-23 01:32:22,18,1118,0.016,1.000
2026-05-23 01:32:23,18,1119,0.012,1.000
2026-05-23 01:32:23,18,1120,0.038,0.969
2026-05-23 01:32:24,18,1121,0.040,1.000
2026-05-23 01:32:25,18,1122,0.031,1.000
2026-05-23 01:32:25,18,1123,0.002,1.000
2026-05-23 01:32:26,18,1124,0.009,1.000
2026-05-23 01:32:26,18,1125,0.016,1.000
2026-05-23 01:32:27,18,1126,0.014,1.000
2026-05-23 01:32:27,18,1127,0.004,1.000
2026-05-23 01:32:28,18,1128,0.039,0.969
2026-05-23 01:32:28,18,1129,0.002,1.000
2026-05-23 01:32:29,18,1130,0.057,0.969
2026-05-23 01:32:30,18,1131,0.016,1.000
2026-05-23 01:32:30,18,1132,0.059,0.969
2026-05-23 01:32:31,18,1133,0.003,1.000
2026-05-23 01:32:31,18,1134,0.003,1.000
2026-05-23 01:32:32,18,1135,0.003,1.000
2026-05-23 01:32:32,18,1136,0.001,1.000
2026-05-23 01:32:33,18,1137,0.004,1.000
2026-05-23 01:32:34,18,1138,0.025,1.000
2026-05-23 01:32:34,18,1139,0.008,1.000
2026-05-23 01:32:35,18,1140,0.006,1.000
2026-05-23 01:32:36,18,1141,0.015,1.000
2026-05-23 01:32:36,18,1142,0.023,1.000
2026-05-23 01:32:37,18,1143,0.039,1.000
2026-05-23 01:32:37,18,1144,0.001,1.000
2026-05-23 01:32:38,18,1145,0.011,1.000
2026-05-23 01:32:38,18,1146,0.021,1.000
2026-05-23 01:32:39,18,1147,0.002,1.000
2026-05-23 01:32:39,18,1148,0.007,1.000
2026-05-23 01:32:40,18,1149,0.006,1.000
2026-05-23 01:32:40,18,1150,0.004,1.000
2026-05-23 01:32:41,18,1151,0.000,1.000
2026-05-23 01:32:41,18,1152,0.002,1.000
2026-05-23 01:32:46,19,1153,0.001,1.000
2026-05-23 01:32:46,19,1154,0.014,1.000
2026-05-23 01:32:47,19,1155,0.003,1.000
2026-05-23 01:32:47,19,1156,0.001,1.000
2026-05-23 01:32:48,19,1157,0.003,1.000
2026-05-23 01:32:48,19,1158,0.059,0.969
2026-05-23 01:32:49,19,1159,0.001,1.000
2026-05-23 01:32:49,19,1160,0.031,0.969
2026-05-23 01:32:50,19,1161,0.006,1.000
2026-05-23 01:32:51,19,1162,0.002,1.000
2026-05-23 01:32:51,19,1163,0.105,0.969
2026-05-23 01:32:52,19,1164,0.000,1.000
2026-05-23 01:32:53,19,1165,0.176,0.969
2026-05-23 01:32:53,19,1166,0.004,1.000
2026-05-23 01:32:54,19,1167,0.001,1.000
2026-05-23 01:32:54,19,1168,0.008,1.000
2026-05-23 01:32:55,19,1169,0.002,1.000
2026-05-23 01:32:56,19,1170,0.005,1.000
2026-05-23 01:32:56,19,1171,0.004,1.000
2026-05-23 01:32:57,19,1172,0.001,1.000
2026-05-23 01:32:57,19,1173,0.004,1.000
2026-05-23 01:32:58,19,1174,0.026,0.969
2026-05-23 01:32:59,19,1175,0.008,1.000
2026-05-23 01:33:00,19,1176,0.003,1.000
2026-05-23 01:33:00,19,1177,0.074,0.969
2026-05-23 01:33:01,19,1178,0.006,1.000
2026-05-23 01:33:02,19,1179,0.015,1.000
2026-05-23 01:33:02,19,1180,0.040,1.000
2026-05-23 01:33:03,19,1181,0.002,1.000
2026-05-23 01:33:04,19,1182,0.004,1.000
2026-05-23 01:33:04,19,1183,0.134,0.938
2026-05-23 01:33:05,19,1184,0.002,1.000
2026-05-23 01:33:06,19,1185,0.033,0.969
2026-05-23 01:33:06,19,1186,0.007,1.000
2026-05-23 01:33:07,19,1187,0.017,1.000
2026-05-23 01:33:08,19,1188,0.027,0.969
2026-05-23 01:33:08,19,1189,0.005,1.000
2026-05-23 01:33:09,19,1190,0.007,1.000
2026-05-23 01:33:10,19,1191,0.006,1.000
2026-05-23 01:33:11,19,1192,0.010,1.000
2026-05-23 01:33:12,19,1193,0.007,1.000
2026-05-23 01:33:12,19,1194,0.009,1.000
2026-05-23 01:33:13,19,1195,0.005,1.000
2026-05-23 01:33:13,19,1196,0.004,1.000
2026-05-23 01:33:14,19,1197,0.004,1.000
2026-05-23 01:33:15,19,1198,0.003,1.000
2026-05-23 01:33:15,19,1199,0.047,0.969
2026-05-23 01:33:17,19,1200,0.004,1.000
2026-05-23 01:33:17,19,1201,0.002,1.000
2026-05-23 01:33:18,19,1202,0.122,0.969
2026-05-23 01:33:19,19,1203,0.015,1.000
2026-05-23 01:33:19,19,1204,0.060,0.969
2026-05-23 01:33:20,19,1205,0.009,1.000
2026-05-23 01:33:21,19,1206,0.007,1.000
2026-05-23 01:33:21,19,1207,0.003,1.000
2026-05-23 01:33:22,19,1208,0.003,1.000
2026-05-23 01:33:23,19,1209,0.004,1.000
2026-05-23 01:33:23,19,1210,0.010,1.000
2026-05-23 01:33:24,19,1211,0.001,1.000
2026-05-23 01:33:25,19,1212,0.010,1.000
2026-05-23 01:33:26,19,1213,0.012,1.000
2026-05-23 01:33:26,19,1214,0.022,1.000
2026-05-23 01:33:27,19,1215,0.013,1.000
2026-05-23 01:33:27,19,1216,0.003,1.000
2026-05-23 01:33:33,20,1217,0.004,1.000
2026-05-23 01:33:34,20,1218,0.001,1.000
2026-05-23 01:33:35,20,1219,0.007,1.000
2026-05-23 01:33:35,20,1220,0.010,1.000
2026-05-23 01:33:36,20,1221,0.008,1.000
2026-05-23 01:33:37,20,1222,0.002,1.000
2026-05-23 01:33:37,20,1223,0.010,1.000
2026-05-23 01:33:38,20,1224,0.002,1.000
2026-05-23 01:33:39,20,1225,0.001,1.000
2026-05-23 01:33:39,20,1226,0.003,1.000
2026-05-23 01:33:40,20,1227,0.000,1.000
2026-05-23 01:33:40,20,1228,0.004,1.000
2026-05-23 01:33:41,20,1229,0.002,1.000
2026-05-23 01:33:42,20,1230,0.002,1.000
2026-05-23 01:33:42,20,1231,0.007,1.000
2026-05-23 01:33:43,20,1232,0.001,1.000
2026-05-23 01:33:44,20,1233,0.001,1.000
2026-05-23 01:33:45,20,1234,0.013,1.000
2026-05-23 01:33:45,20,1235,0.023,1.000
2026-05-23 01:33:46,20,1236,0.017,1.000
2026-05-23 01:33:47,20,1237,0.011,1.000
2026-05-23 01:33:47,20,1238,0.023,1.000
2026-05-23 01:33:47,20,1239,0.004,1.000
2026-05-23 01:33:48,20,1240,0.001,1.000
2026-05-23 01:33:49,20,1241,0.004,1.000
2026-05-23 01:33:50,20,1242,0.006,1.000
2026-05-23 01:33:50,20,1243,0.077,0.969
2026-05-23 01:33:51,20,1244,0.007,1.000
2026-05-23 01:33:52,20,1245,0.029,0.969
2026-05-23 01:33:53,20,1246,0.047,0.969
2026-05-23 01:33:53,20,1247,0.007,1.000
2026-05-23 01:33:54,20,1248,0.000,1.000
2026-05-23 01:33:54,20,1249,0.002,1.000
2026-05-23 01:33:55,20,1250,0.000,1.000
2026-05-23 01:33:56,20,1251,0.016,1.000
2026-05-23 01:33:56,20,1252,0.001,1.000
2026-05-23 01:33:57,20,1253,0.009,1.000
2026-05-23 01:33:57,20,1254,0.001,1.000
2026-05-23 01:33:58,20,1255,0.002,1.000
2026-05-23 01:33:58,20,1256,0.009,1.000
2026-05-23 01:33:59,20,1257,0.000,1.000
2026-05-23 01:33:59,20,1258,0.001,1.000
2026-05-23 01:34:00,20,1259,0.001,1.000
2026-05-23 01:34:00,20,1260,0.002,1.000
2026-05-23 01:34:01,20,1261,0.008,1.000
2026-05-23 01:34:02,20,1262,0.029,0.969
2026-05-23 01:34:02,20,1263,0.001,1.000
2026-05-23 01:34:03,20,1264,0.006,1.000
2026-05-23 01:34:03,20,1265,0.001,1.000
2026-05-23 01:34:04,20,1266,0.054,0.969
2026-05-23 01:34:04,20,1267,0.002,1.000
2026-05-23 01:34:05,20,1268,0.004,1.000
2026-05-23 01:34:05,20,1269,0.030,0.969
2026-05-23 01:34:06,20,1270,0.001,1.000
2026-05-23 01:34:07,20,1271,0.001,1.000
2026-05-23 01:34:07,20,1272,0.003,1.000
2026-05-23 01:34:08,20,1273,0.023,1.000
2026-05-23 01:34:08,20,1274,0.000,1.000
2026-05-23 01:34:09,20,1275,0.005,1.000
2026-05-23 01:34:09,20,1276,0.000,1.000
2026-05-23 01:34:10,20,1277,0.007,1.000
2026-05-23 01:34:10,20,1278,0.001,1.000
2026-05-23 01:34:11,20,1279,0.009,1.000
2026-05-23 01:34:11,20,1280,0.000,1.000
